file_name,id,age_YYMMDD,date_YYYYMMDD,gender,timestamp_HHMMSS,percents_voc,researcher_present,sleeping
1060_180616_0000.wav,1060,180616,20190624,female,00:00:00,0.104336811,1,0
1060_180616_0001.wav,1060,180616,20190624,female,00:00:30,0.052668422,1,0
1060_180616_0002.wav,1060,180616,20190624,female,00:01:00,0.077335911,1,0
1060_180616_0003.wav,1060,180616,20190624,female,00:01:30,0.111670389,1,0
1060_180616_0004.wav,1060,180616,20190624,female,00:02:00,0.191006367,1,0
1060_180616_0005.wav,1060,180616,20190624,female,00:02:30,0.157671922,1,0
1060_180616_0006.wav,1060,180616,20190624,female,00:03:00,0.118337278,1,0
1060_180616_0007.wav,1060,180616,20190624,female,00:03:30,0.092336411,1,0
1060_180616_0008.wav,1060,180616,20190624,female,00:04:00,0.425347512,1,0
1060_180616_0009.wav,1060,180616,20190624,female,00:04:30,0.899029968,1,0
1060_180616_0010.wav,1060,180616,20190624,female,00:05:00,0.664022134,1,0
1060_180616_0011.wav,1060,180616,20190624,female,00:05:30,0.1140038,1,0
1060_180616_0012.wav,1060,180616,20190624,female,00:06:00,0.0240008,1,0
1060_180616_0013.wav,1060,180616,20190624,female,00:06:30,0.331344378,1,0
1060_180616_0014.wav,1060,180616,20190624,female,00:07:00,0.145671522,1,0
1060_180616_0015.wav,1060,180616,20190624,female,00:07:30,0.312677089,1,0
1060_180616_0016.wav,1060,180616,20190624,female,00:08:00,0.335344511,1,0
1060_180616_0017.wav,1060,180616,20190624,female,00:08:30,0.3390113,1,0
1060_180616_0018.wav,1060,180616,20190624,female,00:09:00,0.2970099,1,0
1060_180616_0019.wav,1060,180616,20190624,female,00:09:30,0.329344311,1,0
1060_180616_0020.wav,1060,180616,20190624,female,00:10:00,0.187006234,1,0
1060_180616_0021.wav,1060,180616,20190624,female,00:10:30,0.286342878,1,0
1060_180616_0022.wav,1060,180616,20190624,female,00:11:00,0.203006767,1,0
1060_180616_0023.wav,1060,180616,20190624,female,00:11:30,0.231341045,1,0
1060_180616_0024.wav,1060,180616,20190624,female,00:12:00,0.253008434,1,0
1060_180616_0025.wav,1060,180616,20190624,female,00:12:30,0.148338278,1,0
1060_180616_0026.wav,1060,180616,20190624,female,00:13:00,0.359011967,1,0
1060_180616_0027.wav,1060,180616,20190624,female,00:13:30,0.143004767,1,0
1060_180616_0028.wav,1060,180616,20190624,female,00:14:00,0.031667722,1,0
1060_180616_0029.wav,1060,180616,20190624,female,00:14:30,0.034334478,1,0
1060_180616_0030.wav,1060,180616,20190624,female,00:15:00,0.147671589,1,0
1060_180616_0031.wav,1060,180616,20190624,female,00:15:30,0.263342111,1,0
1060_180616_0032.wav,1060,180616,20190624,female,00:16:00,0.140671356,1,0
1060_180616_0033.wav,1060,180616,20190624,female,00:16:30,0.074335811,1,0
1060_180616_0034.wav,1060,180616,20190624,female,00:17:00,0.094003133,1,0
1060_180616_0035.wav,1060,180616,20190624,female,00:17:30,0.126670889,1,0
1060_180616_0036.wav,1060,180616,20190624,female,00:18:00,0.305010167,1,0
1060_180616_0037.wav,1060,180616,20190624,female,00:18:30,0.113003767,1,0
1060_180616_0038.wav,1060,180616,20190624,female,00:19:00,0.337677923,1,0
1060_180616_0039.wav,1060,180616,20190624,female,00:19:30,0.413347112,1,0
1060_180616_0040.wav,1060,180616,20190624,female,00:20:00,0.367012234,1,0
1060_180616_0041.wav,1060,180616,20190624,female,00:20:30,0.096669889,1,0
1060_180616_0042.wav,1060,180616,20190624,female,00:21:00,0.378679289,1,0
1060_180616_0043.wav,1060,180616,20190624,female,00:21:30,0.220007334,1,0
1060_180616_0044.wav,1060,180616,20190624,female,00:22:00,0.391346378,1,0
1060_180616_0045.wav,1060,180616,20190624,female,00:22:30,0.259675323,1,0
1060_180616_0046.wav,1060,180616,20190624,female,00:23:00,0.354345145,1,0
1060_180616_0047.wav,1060,180616,20190624,female,00:23:30,0.249341645,1,0
1060_180616_0048.wav,1060,180616,20190624,female,00:24:00,0.448681623,1,0
1060_180616_0049.wav,1060,180616,20190624,female,00:24:30,0.422347412,1,0
1060_180616_0050.wav,1060,180616,20190624,female,00:25:00,0.462348745,1,0
1060_180616_0051.wav,1060,180616,20190624,female,00:25:30,0.503683456,1,0
1060_180616_0052.wav,1060,180616,20190624,female,00:26:00,0.2250075,1,0
1060_180616_0053.wav,1060,180616,20190624,female,00:26:30,0.302676756,1,0
1060_180616_0054.wav,1060,180616,20190624,female,00:27:00,0.1830061,1,0
1060_180616_0055.wav,1060,180616,20190624,female,00:27:30,0.217673922,1,0
1060_180616_0056.wav,1060,180616,20190624,female,00:28:00,0.465682189,1,0
1060_180616_0057.wav,1060,180616,20190624,female,00:28:30,0.539017967,1,0
1060_180616_0058.wav,1060,180616,20190624,female,00:29:00,0.184672822,1,0
1060_180616_0059.wav,1060,180616,20190624,female,00:29:30,0.105670189,1,0
1060_180616_0060.wav,1060,180616,20190624,female,00:30:00,0.354345145,1,0
1060_180616_0061.wav,1060,180616,20190624,female,00:30:30,0.259341978,1,0
1060_180616_0062.wav,1060,180616,20190624,female,00:31:00,0.225674189,1,0
1060_180616_0063.wav,1060,180616,20190624,female,00:31:30,0.199673322,1,0
1060_180616_0064.wav,1060,180616,20190624,female,00:32:00,0.1860062,1,0
1060_180616_0065.wav,1060,180616,20190624,female,00:32:30,0.511017034,1,0
1060_180616_0066.wav,1060,180616,20190624,female,00:33:00,0.507350245,1,0
1060_180616_0067.wav,1060,180616,20190624,female,00:33:30,0.638354612,1,0
1060_180616_0068.wav,1060,180616,20190624,female,00:34:00,0.619020634,1,0
1060_180616_0069.wav,1060,180616,20190624,female,00:34:30,0.190006334,1,0
1060_180616_0070.wav,1060,180616,20190624,female,00:35:00,0.234674489,1,0
1060_180616_0071.wav,1060,180616,20190624,female,00:35:30,0.244008134,1,0
1060_180616_0072.wav,1060,180616,20190624,female,00:36:00,0.093669789,1,0
1060_180616_0073.wav,1060,180616,20190624,female,00:36:30,0.406013534,1,0
1060_180616_0074.wav,1060,180616,20190624,female,00:37:00,0.511350378,1,0
1060_180616_0075.wav,1060,180616,20190624,female,00:37:30,0.402346745,1,0
1060_180616_0076.wav,1060,180616,20190624,female,00:38:00,0.469682323,1,0
1060_180616_0077.wav,1060,180616,20190624,female,00:38:30,0.256008534,1,0
1060_180616_0078.wav,1060,180616,20190624,female,00:39:00,0.054668489,1,0
1060_180616_0079.wav,1060,180616,20190624,female,00:39:30,0.132671089,0,0
1060_180616_0080.wav,1060,180616,20190624,female,00:40:00,0.132671089,0,0
1060_180616_0081.wav,1060,180616,20190624,female,00:40:30,0.070669022,0,0
1060_180616_0082.wav,1060,180616,20190624,female,00:41:00,0.169338978,0,0
1060_180616_0083.wav,1060,180616,20190624,female,00:41:30,0.164005467,0,0
1060_180616_0084.wav,1060,180616,20190624,female,00:42:00,0.220007334,0,0
1060_180616_0085.wav,1060,180616,20190624,female,00:42:30,0.138671289,0,0
1060_180616_0086.wav,1060,180616,20190624,female,00:43:00,0.170339011,0,0
1060_180616_0087.wav,1060,180616,20190624,female,00:43:30,0.122004067,0,0
1060_180616_0088.wav,1060,180616,20190624,female,00:44:00,0.124004133,0,0
1060_180616_0089.wav,1060,180616,20190624,female,00:44:30,0.346344878,0,0
1060_180616_0090.wav,1060,180616,20190624,female,00:45:00,0.303676789,0,0
1060_180616_0091.wav,1060,180616,20190624,female,00:45:30,0.353011767,0,0
1060_180616_0092.wav,1060,180616,20190624,female,00:46:00,0.245341511,0,0
1060_180616_0093.wav,1060,180616,20190624,female,00:46:30,0.234674489,0,0
1060_180616_0094.wav,1060,180616,20190624,female,00:47:00,0.1020034,0,0
1060_180616_0095.wav,1060,180616,20190624,female,00:47:30,0.046334878,0,0
1060_180616_0096.wav,1060,180616,20190624,female,00:48:00,0.280342678,0,0
1060_180616_0097.wav,1060,180616,20190624,female,00:48:30,0.089002967,0,0
1060_180616_0098.wav,1060,180616,20190624,female,00:49:00,0.1320044,0,0
1060_180616_0099.wav,1060,180616,20190624,female,00:49:30,0.128004267,0,0
1060_180616_0100.wav,1060,180616,20190624,female,00:50:00,0.0180006,0,0
1060_180616_0101.wav,1060,180616,20190624,female,00:50:30,0.112670422,0,0
1060_180616_0102.wav,1060,180616,20190624,female,00:51:00,0.113670456,0,0
1060_180616_0103.wav,1060,180616,20190624,female,00:51:30,0.127670922,0,0
1060_180616_0104.wav,1060,180616,20190624,female,00:52:00,0.109336978,0,0
1060_180616_0105.wav,1060,180616,20190624,female,00:52:30,0.1230041,0,0
1060_180616_0106.wav,1060,180616,20190624,female,00:53:00,0.202006734,0,0
1060_180616_0107.wav,1060,180616,20190624,female,00:53:30,0.266675556,0,0
1060_180616_0108.wav,1060,180616,20190624,female,00:54:00,0.468348945,0,0
1060_180616_0109.wav,1060,180616,20190624,female,00:54:30,0.089002967,0,0
1060_180616_0110.wav,1060,180616,20190624,female,00:55:00,0.393679789,0,0
1060_180616_0111.wav,1060,180616,20190624,female,00:55:30,0.352345078,0,0
1060_180616_0112.wav,1060,180616,20190624,female,00:56:00,0.293009767,0,0
1060_180616_0113.wav,1060,180616,20190624,female,00:56:30,0.155005167,0,0
1060_180616_0114.wav,1060,180616,20190624,female,00:57:00,0.0660022,0,0
1060_180616_0115.wav,1060,180616,20190624,female,00:57:30,0.1320044,0,0
1060_180616_0116.wav,1060,180616,20190624,female,00:58:00,0.129670989,0,0
1060_180616_0117.wav,1060,180616,20190624,female,00:58:30,0.304343478,0,0
1060_180616_0118.wav,1060,180616,20190624,female,00:59:00,0.378345945,0,0
1060_180616_0119.wav,1060,180616,20190624,female,00:59:30,0.314677156,0,0
1060_180616_0120.wav,1060,180616,20190624,female,01:00:00,0.471015701,0,0
1060_180616_0121.wav,1060,180616,20190624,female,01:00:30,0.261675389,0,0
1060_180616_0122.wav,1060,180616,20190624,female,01:01:00,0.169672322,0,0
1060_180616_0123.wav,1060,180616,20190624,female,01:01:30,0.031001033,0,0
1060_180616_0124.wav,1060,180616,20190624,female,01:02:00,0.248674956,0,0
1060_180616_0125.wav,1060,180616,20190624,female,01:02:30,0.425680856,0,0
1060_180616_0126.wav,1060,180616,20190624,female,01:03:00,0.405680189,0,0
1060_180616_0127.wav,1060,180616,20190624,female,01:03:30,0.254341811,0,0
1060_180616_0128.wav,1060,180616,20190624,female,01:04:00,0.081669389,0,0
1060_180616_0129.wav,1060,180616,20190624,female,01:04:30,0.450015001,0,0
1060_180616_0130.wav,1060,180616,20190624,female,01:05:00,0.167672256,0,0
1060_180616_0131.wav,1060,180616,20190624,female,01:05:30,0.068335611,0,0
1060_180616_0132.wav,1060,180616,20190624,female,01:06:00,0.272009067,0,0
1060_180616_0133.wav,1060,180616,20190624,female,01:06:30,0.092003067,0,0
1060_180616_0134.wav,1060,180616,20190624,female,01:07:00,0.136004533,0,0
1060_180616_0135.wav,1060,180616,20190624,female,01:07:30,0.224007467,0,0
1060_180616_0136.wav,1060,180616,20190624,female,01:08:00,0.079669322,0,0
1060_180616_0137.wav,1060,180616,20190624,female,01:08:30,0.161672056,0,0
1060_180616_0138.wav,1060,180616,20190624,female,01:09:00,0.235674522,0,0
1060_180616_0139.wav,1060,180616,20190624,female,01:09:30,0.210007,0,0
1060_180616_0140.wav,1060,180616,20190624,female,01:10:00,0.181006034,0,0
1060_180616_0141.wav,1060,180616,20190624,female,01:10:30,0.088002933,0,0
1060_180616_0142.wav,1060,180616,20190624,female,01:11:00,0.141671389,0,0
1060_180616_0143.wav,1060,180616,20190624,female,01:11:30,0.253675123,0,0
1060_180616_0144.wav,1060,180616,20190624,female,01:12:00,0.55868529,0,0
1060_180616_0145.wav,1060,180616,20190624,female,01:12:30,0.378345945,0,0
1060_180616_0146.wav,1060,180616,20190624,female,01:13:00,0.206006867,0,0
1060_180616_0147.wav,1060,180616,20190624,female,01:13:30,0.327344245,0,0
1060_180616_0148.wav,1060,180616,20190624,female,01:14:00,0.314343811,0,0
1060_180616_0149.wav,1060,180616,20190624,female,01:14:30,0.461348712,0,0
1060_180616_0150.wav,1060,180616,20190624,female,01:15:00,0.501016701,0,0
1060_180616_0151.wav,1060,180616,20190624,female,01:15:30,0.622354078,0,0
1060_180616_0152.wav,1060,180616,20190624,female,01:16:00,0.338677956,0,0
1060_180616_0153.wav,1060,180616,20190624,female,01:16:30,0.189672989,0,0
1060_180616_0154.wav,1060,180616,20190624,female,01:17:00,0.077335911,0,0
1060_180616_0155.wav,1060,180616,20190624,female,01:17:30,0.1410047,0,0
1060_180616_0156.wav,1060,180616,20190624,female,01:18:00,0.160338678,0,0
1060_180616_0157.wav,1060,180616,20190624,female,01:18:30,0.205006834,0,0
1060_180616_0158.wav,1060,180616,20190624,female,01:19:00,0.275009167,0,0
1060_180616_0159.wav,1060,180616,20190624,female,01:19:30,0.279342645,0,0
1060_180616_0160.wav,1060,180616,20190624,female,01:20:00,0.358011934,0,0
1060_180616_0161.wav,1060,180616,20190624,female,01:20:30,0.494016467,0,0
1060_180616_0162.wav,1060,180616,20190624,female,01:21:00,0.278342611,0,0
1060_180616_0163.wav,1060,180616,20190624,female,01:21:30,0.2790093,0,0
1060_180616_0164.wav,1060,180616,20190624,female,01:22:00,0.430014334,0,0
1060_180616_0165.wav,1060,180616,20190624,female,01:22:30,0.271342378,0,0
1060_180616_0166.wav,1060,180616,20190624,female,01:23:00,0.299343311,0,0
1060_180616_0167.wav,1060,180616,20190624,female,01:23:30,0.1860062,0,0
1060_180616_0168.wav,1060,180616,20190624,female,01:24:00,0.335011167,0,0
1060_180616_0169.wav,1060,180616,20190624,female,01:24:30,0.403680123,0,0
1060_180616_0170.wav,1060,180616,20190624,female,01:25:00,0.387679589,0,0
1060_180616_0171.wav,1060,180616,20190624,female,01:25:30,0.575352512,0,0
1060_180616_0172.wav,1060,180616,20190624,female,01:26:00,0.529350978,0,0
1060_180616_0173.wav,1060,180616,20190624,female,01:26:30,0.1860062,0,0
1060_180616_0174.wav,1060,180616,20190624,female,01:27:00,0.115003833,0,0
1060_180616_0175.wav,1060,180616,20190624,female,01:27:30,0.217673922,0,0
1060_180616_0176.wav,1060,180616,20190624,female,01:28:00,0.57368579,0,0
1060_180616_0177.wav,1060,180616,20190624,female,01:28:30,0.313010434,0,0
1060_180616_0178.wav,1060,180616,20190624,female,01:29:00,0.457681923,0,0
1060_180616_0179.wav,1060,180616,20190624,female,01:29:30,0.430681023,0,0
1060_180616_0180.wav,1060,180616,20190624,female,01:30:00,0.508016934,0,0
1060_180616_0181.wav,1060,180616,20190624,female,01:30:30,0.515017167,0,0
1060_180616_0182.wav,1060,180616,20190624,female,01:31:00,0.684356145,0,0
1060_180616_0183.wav,1060,180616,20190624,female,01:31:30,0.690023001,0,0
1060_180616_0184.wav,1060,180616,20190624,female,01:32:00,0.360345345,0,0
1060_180616_0185.wav,1060,180616,20190624,female,01:32:30,0.439681323,0,0
1060_180616_0186.wav,1060,180616,20190624,female,01:33:00,0.372679089,0,0
1060_180616_0187.wav,1060,180616,20190624,female,01:33:30,0.643021434,0,0
1060_180616_0188.wav,1060,180616,20190624,female,01:34:00,0.558018601,0,0
1060_180616_0189.wav,1060,180616,20190624,female,01:34:30,0.572352412,0,0
1060_180616_0190.wav,1060,180616,20190624,female,01:35:00,0.245674856,0,0
1060_180616_0191.wav,1060,180616,20190624,female,01:35:30,0.555018501,0,0
1060_180616_0192.wav,1060,180616,20190624,female,01:36:00,0.406680223,0,0
1060_180616_0193.wav,1060,180616,20190624,female,01:36:30,0.453348445,0,0
1060_180616_0194.wav,1060,180616,20190624,female,01:37:00,0.364678823,0,0
1060_180616_0195.wav,1060,180616,20190624,female,01:37:30,0.543351445,0,0
1060_180616_0196.wav,1060,180616,20190624,female,01:38:00,0.429680989,0,0
1060_180616_0197.wav,1060,180616,20190624,female,01:38:30,0.331344378,0,0
1060_180616_0198.wav,1060,180616,20190624,female,01:39:00,0.382012734,0,0
1060_180616_0199.wav,1060,180616,20190624,female,01:39:30,0.373345778,0,0
1060_180616_0200.wav,1060,180616,20190624,female,01:40:00,0.250008334,0,0
1060_180616_0201.wav,1060,180616,20190624,female,01:40:30,0.353678456,0,0
1060_180616_0202.wav,1060,180616,20190624,female,01:41:00,0.2730091,0,0
1060_180616_0203.wav,1060,180616,20190624,female,01:41:30,0.329010967,0,0
1060_180616_0204.wav,1060,180616,20190624,female,01:42:00,0.282676089,0,0
1060_180616_0205.wav,1060,180616,20190624,female,01:42:30,0.4350145,0,0
1060_180616_0206.wav,1060,180616,20190624,female,01:43:00,0.377012567,0,0
1060_180616_0207.wav,1060,180616,20190624,female,01:43:30,0.424680823,0,0
1060_180616_0208.wav,1060,180616,20190624,female,01:44:00,0.558018601,0,0
1060_180616_0209.wav,1060,180616,20190624,female,01:44:30,0.349011634,0,0
1060_180616_0210.wav,1060,180616,20190624,female,01:45:00,0.652355079,0,0
1060_180616_0211.wav,1060,180616,20190624,female,01:45:30,0.369678989,0,0
1060_180616_0212.wav,1060,180616,20190624,female,01:46:00,0.175339178,0,0
1060_180616_0213.wav,1060,180616,20190624,female,01:46:30,0.295009834,0,0
1060_180616_0214.wav,1060,180616,20190624,female,01:47:00,0.578685956,0,0
1060_180616_0215.wav,1060,180616,20190624,female,01:47:30,0.580352678,0,0
1060_180616_0216.wav,1060,180616,20190624,female,01:48:00,0.800693356,0,0
1060_180616_0217.wav,1060,180616,20190624,female,01:48:30,0.708023601,0,0
1060_180616_0218.wav,1060,180616,20190624,female,01:49:00,0.700690023,0,0
1060_180616_0219.wav,1060,180616,20190624,female,01:49:30,0.452348412,0,0
1060_180616_0220.wav,1060,180616,20190624,female,01:50:00,0.355345178,0,0
1060_180616_0221.wav,1060,180616,20190624,female,01:50:30,0.654355145,0,0
1060_180616_0222.wav,1060,180616,20190624,female,01:51:00,0.546018201,0,0
1060_180616_0223.wav,1060,180616,20190624,female,01:51:30,0.649354978,0,0
1060_180616_0224.wav,1060,180616,20190624,female,01:52:00,0.645354845,0,0
1060_180616_0225.wav,1060,180616,20190624,female,01:52:30,0.656355212,0,0
1060_180616_0226.wav,1060,180616,20190624,female,01:53:00,0.666022201,0,0
1060_180616_0227.wav,1060,180616,20190624,female,01:53:30,0.436347878,0,0
1060_180616_0228.wav,1060,180616,20190624,female,01:54:00,0.613353778,0,0
1060_180616_0229.wav,1060,180616,20190624,female,01:54:30,0.56468549,0,0
1060_180616_0230.wav,1060,180616,20190624,female,01:55:00,0.407013567,0,0
1060_180616_0231.wav,1060,180616,20190624,female,01:55:30,0.121337378,0,0
1060_180616_0232.wav,1060,180616,20190624,female,01:56:00,0.123337445,0,0
1060_180616_0233.wav,1060,180616,20190624,female,01:56:30,0.316343878,0,0
1060_180616_0234.wav,1060,180616,20190624,female,01:57:00,0.0570019,0,0
1060_180616_0235.wav,1060,180616,20190624,female,01:57:30,0.128337611,0,0
1060_180616_0236.wav,1060,180616,20190624,female,01:58:00,0.149338311,0,0
1060_180616_0237.wav,1060,180616,20190624,female,01:58:30,0.109003633,0,0
1060_180616_0238.wav,1060,180616,20190624,female,01:59:00,0.031334378,0,0
1060_180616_0239.wav,1060,180616,20190624,female,01:59:30,0.276342545,0,0
1060_180616_0240.wav,1060,180616,20190624,female,02:00:00,0.114670489,0,0
1060_180616_0241.wav,1060,180616,20190624,female,02:00:30,0.302676756,0,0
1060_180616_0242.wav,1060,180616,20190624,female,02:01:00,0.504016801,0,0
1060_180616_0243.wav,1060,180616,20190624,female,02:01:30,0.191339711,0,0
1060_180616_0244.wav,1060,180616,20190624,female,02:02:00,0.285342845,0,0
1060_180616_0245.wav,1060,180616,20190624,female,02:02:30,0.085002833,0,0
1060_180616_0246.wav,1060,180616,20190624,female,02:03:00,0.119337311,0,0
1060_180616_0247.wav,1060,180616,20190624,female,02:03:30,0.1710057,0,0
1060_180616_0248.wav,1060,180616,20190624,female,02:04:00,0.263008767,0,0
1060_180616_0249.wav,1060,180616,20190624,female,02:04:30,0.046334878,0,0
1060_180616_0250.wav,1060,180616,20190624,female,02:05:00,0.189339645,0,0
1060_180616_0251.wav,1060,180616,20190624,female,02:05:30,0.1680056,0,0
1060_180616_0252.wav,1060,180616,20190624,female,02:06:00,0.267675589,0,0
1060_180616_0253.wav,1060,180616,20190624,female,02:06:30,0.201340045,0,0
1060_180616_0254.wav,1060,180616,20190624,female,02:07:00,0.473015767,0,0
1060_180616_0255.wav,1060,180616,20190624,female,02:07:30,0.434014467,0,0
1060_180616_0256.wav,1060,180616,20190624,female,02:08:00,0.297676589,0,0
1060_180616_0257.wav,1060,180616,20190624,female,02:08:30,0.223340778,0,0
1060_180616_0258.wav,1060,180616,20190624,female,02:09:00,0.256341878,0,0
1060_180616_0259.wav,1060,180616,20190624,female,02:09:30,0.407680256,0,0
1060_180616_0260.wav,1060,180616,20190624,female,02:10:00,0.537351245,0,0
1060_180616_0261.wav,1060,180616,20190624,female,02:10:30,0.298343278,0,0
1060_180616_0262.wav,1060,180616,20190624,female,02:11:00,0.230007667,0,0
1060_180616_0263.wav,1060,180616,20190624,female,02:11:30,0.105670189,0,0
1060_180616_0264.wav,1060,180616,20190624,female,02:12:00,0.394679823,0,0
1060_180616_0265.wav,1060,180616,20190624,female,02:12:30,0.415013834,0,0
1060_180616_0266.wav,1060,180616,20190624,female,02:13:00,0.551685056,0,0
1060_180616_0267.wav,1060,180616,20190624,female,02:13:30,0.345344845,0,0
1060_180616_0268.wav,1060,180616,20190624,female,02:14:00,0.395013167,0,0
1060_180616_0269.wav,1060,180616,20190624,female,02:14:30,0.2610087,0,0
1060_180616_0270.wav,1060,180616,20190624,female,02:15:00,0.342678089,0,0
1060_180616_0271.wav,1060,180616,20190624,female,02:15:30,0.194339811,0,0
1060_180616_0272.wav,1060,180616,20190624,female,02:16:00,0.297676589,0,0
1060_180616_0273.wav,1060,180616,20190624,female,02:16:30,0.467015567,0,0
1060_180616_0274.wav,1060,180616,20190624,female,02:17:00,0.171672389,0,0
1060_180616_0275.wav,1060,180616,20190624,female,02:17:30,0.427680923,0,0
1060_180616_0276.wav,1060,180616,20190624,female,02:18:00,0.397346578,0,0
1060_180616_0277.wav,1060,180616,20190624,female,02:18:30,0.55268509,0,0
1060_180616_0278.wav,1060,180616,20190624,female,02:19:00,0.420680689,0,0
1060_180616_0279.wav,1060,180616,20190624,female,02:19:30,0.2940098,0,0
1060_180616_0280.wav,1060,180616,20190624,female,02:20:00,0.232341078,0,0
1060_180616_0281.wav,1060,180616,20190624,female,02:20:30,0.349011634,0,0
1060_180616_0282.wav,1060,180616,20190624,female,02:21:00,0.071335711,0,0
1060_180616_0283.wav,1060,180616,20190624,female,02:21:30,0.193006434,0,0
1060_180616_0284.wav,1060,180616,20190624,female,02:22:00,0.154005134,0,0
1060_180616_0285.wav,1060,180616,20190624,female,02:22:30,0.244008134,0,0
1060_180616_0286.wav,1060,180616,20190624,female,02:23:00,0.2370079,0,0
1060_180616_0287.wav,1060,180616,20190624,female,02:23:30,0.377679256,0,0
1060_180616_0288.wav,1060,180616,20190624,female,02:24:00,0.185006167,0,0
1060_180616_0289.wav,1060,180616,20190624,female,02:24:30,0.169005634,0,0
1060_180616_0290.wav,1060,180616,20190624,female,02:25:00,0.154671822,0,0
1060_180616_0291.wav,1060,180616,20190624,female,02:25:30,0.368012267,0,0
1060_180616_0292.wav,1060,180616,20190624,female,02:26:00,0.368345612,0,0
1060_180616_0293.wav,1060,180616,20190624,female,02:26:30,0.3870129,0,0
1060_180616_0294.wav,1060,180616,20190624,female,02:27:00,0.490016334,0,0
1060_180616_0295.wav,1060,180616,20190624,female,02:27:30,0.473349112,0,0
1060_180616_0296.wav,1060,180616,20190624,female,02:28:00,0.597353245,0,0
1060_180616_0297.wav,1060,180616,20190624,female,02:28:30,0.284676156,0,0
1060_180616_0298.wav,1060,180616,20190624,female,02:29:00,0.3090103,0,0
1060_180616_0299.wav,1060,180616,20190624,female,02:29:30,0.409013634,0,0
1060_180616_0300.wav,1060,180616,20190624,female,02:30:00,0.377345912,0,0
1060_180616_0301.wav,1060,180616,20190624,female,02:30:30,0.138337945,0,0
1060_180616_0302.wav,1060,180616,20190624,female,02:31:00,0.473682456,0,0
1060_180616_0303.wav,1060,180616,20190624,female,02:31:30,0.499016634,0,0
1060_180616_0304.wav,1060,180616,20190624,female,02:32:00,0.486682889,0,0
1060_180616_0305.wav,1060,180616,20190624,female,02:32:30,0.226007534,0,0
1060_180616_0306.wav,1060,180616,20190624,female,02:33:00,0.202673422,0,0
1060_180616_0307.wav,1060,180616,20190624,female,02:33:30,0.422680756,0,0
1060_180616_0308.wav,1060,180616,20190624,female,02:34:00,0.253341778,0,0
1060_180616_0309.wav,1060,180616,20190624,female,02:34:30,0.331344378,0,0
1060_180616_0310.wav,1060,180616,20190624,female,02:35:00,0.453015101,0,0
1060_180616_0311.wav,1060,180616,20190624,female,02:35:30,0.295009834,0,0
1060_180616_0312.wav,1060,180616,20190624,female,02:36:00,0.485016167,0,0
1060_180616_0313.wav,1060,180616,20190624,female,02:36:30,0.556351878,0,0
1060_180616_0314.wav,1060,180616,20190624,female,02:37:00,0.437014567,0,0
1060_180616_0315.wav,1060,180616,20190624,female,02:37:30,0.307676923,0,0
1060_180616_0316.wav,1060,180616,20190624,female,02:38:00,0.387346245,0,0
1060_180616_0317.wav,1060,180616,20190624,female,02:38:30,0.103336778,0,0
1060_180616_0318.wav,1060,180616,20190624,female,02:39:00,0.134671156,0,0
1060_180616_0319.wav,1060,180616,20190624,female,02:39:30,0.2190073,0,0
1060_180616_0320.wav,1060,180616,20190624,female,02:40:00,0.232341078,0,0
1060_180616_0321.wav,1060,180616,20190624,female,02:40:30,0.148338278,0,0
1060_180616_0322.wav,1060,180616,20190624,female,02:41:00,0.049001633,0,0
1060_180616_0323.wav,1060,180616,20190624,female,02:41:30,0.185006167,0,0
1060_180616_0324.wav,1060,180616,20190624,female,02:42:00,0.210340345,0,0
1060_180616_0325.wav,1060,180616,20190624,female,02:42:30,0.572685756,0,0
1060_180616_0326.wav,1060,180616,20190624,female,02:43:00,0.784692823,0,0
1060_180616_0327.wav,1060,180616,20190624,female,02:43:30,0.805026834,0,0
1060_180616_0328.wav,1060,180616,20190624,female,02:44:00,0.652021734,0,0
1060_180616_0329.wav,1060,180616,20190624,female,02:44:30,0.629354312,0,0
1060_180616_0330.wav,1060,180616,20190624,female,02:45:00,0.526017534,0,0
1060_180616_0331.wav,1060,180616,20190624,female,02:45:30,0.654355145,0,0
1060_180616_0332.wav,1060,180616,20190624,female,02:46:00,0.603353445,0,0
1060_180616_0333.wav,1060,180616,20190624,female,02:46:30,0.484682823,0,0
1060_180616_0334.wav,1060,180616,20190624,female,02:47:00,0.351345045,0,0
1060_180616_0335.wav,1060,180616,20190624,female,02:47:30,0.524350812,0,0
1060_180616_0336.wav,1060,180616,20190624,female,02:48:00,0.640354678,0,0
1060_180616_0337.wav,1060,180616,20190624,female,02:48:30,0.543684789,0,0
1060_180616_0338.wav,1060,180616,20190624,female,02:49:00,0.424014134,0,0
1060_180616_0339.wav,1060,180616,20190624,female,02:49:30,0.556685223,0,0
1060_180616_0340.wav,1060,180616,20190624,female,02:50:00,0.635687856,0,0
1060_180616_0341.wav,1060,180616,20190624,female,02:50:30,0.665022167,0,0
1060_180616_0342.wav,1060,180616,20190624,female,02:51:00,0.716357212,0,0
1060_180616_0343.wav,1060,180616,20190624,female,02:51:30,0.740691356,0,0
1060_180616_0344.wav,1060,180616,20190624,female,02:52:00,0.765025501,0,0
1060_180616_0345.wav,1060,180616,20190624,female,02:52:30,0.743358112,0,0
1060_180616_0346.wav,1060,180616,20190624,female,02:53:00,0.722690756,0,0
1060_180616_0347.wav,1060,180616,20190624,female,02:53:30,0.817027234,0,0
1060_180616_0348.wav,1060,180616,20190624,female,02:54:00,0.73269109,0,0
1060_180616_0349.wav,1060,180616,20190624,female,02:54:30,0.78369279,0,0
1060_180616_0350.wav,1060,180616,20190624,female,02:55:00,0.653021767,0,0
1060_180616_0351.wav,1060,180616,20190624,female,02:55:30,0.746691556,0,0
1060_180616_0352.wav,1060,180616,20190624,female,02:56:00,0.670689023,0,0
1060_180616_0353.wav,1060,180616,20190624,female,02:56:30,0.662022067,0,0
1060_180616_0354.wav,1060,180616,20190624,female,02:57:00,0.775359179,0,0
1060_180616_0355.wav,1060,180616,20190624,female,02:57:30,0.818027268,0,0
1060_180616_0356.wav,1060,180616,20190624,female,02:58:00,0.678022601,0,0
1060_180616_0357.wav,1060,180616,20190624,female,02:58:30,0.639354645,0,0
1060_180616_0358.wav,1060,180616,20190624,female,02:59:00,0.493349778,0,0
1060_180616_0359.wav,1060,180616,20190624,female,02:59:30,0.690356345,0,0
1060_180616_0360.wav,1060,180616,20190624,female,03:00:00,0.59768659,0,0
1060_180616_0361.wav,1060,180616,20190624,female,03:00:30,0.600020001,0,0
1060_180616_0362.wav,1060,180616,20190624,female,03:01:00,0.649688323,0,0
1060_180616_0363.wav,1060,180616,20190624,female,03:01:30,0.563018767,0,0
1060_180616_0364.wav,1060,180616,20190624,female,03:02:00,0.556351878,0,0
1060_180616_0365.wav,1060,180616,20190624,female,03:02:30,0.56468549,0,0
1060_180616_0366.wav,1060,180616,20190624,female,03:03:00,0.340344678,0,0
1060_180616_0367.wav,1060,180616,20190624,female,03:03:30,0.439681323,0,0
1060_180616_0368.wav,1060,180616,20190624,female,03:04:00,0.696023201,0,0
1060_180616_0369.wav,1060,180616,20190624,female,03:04:30,0.782692756,0,0
1060_180616_0370.wav,1060,180616,20190624,female,03:05:00,0.539351312,0,0
1060_180616_0371.wav,1060,180616,20190624,female,03:05:30,0.920030668,0,0
1060_180616_0372.wav,1060,180616,20190624,female,03:06:00,0.798359945,0,0
1060_180616_0373.wav,1060,180616,20190624,female,03:06:30,0.773359112,0,0
1060_180616_0374.wav,1060,180616,20190624,female,03:07:00,0.78669289,0,0
1060_180616_0375.wav,1060,180616,20190624,female,03:07:30,0.828027601,0,0
1060_180616_0376.wav,1060,180616,20190624,female,03:08:00,0.753025101,0,0
1060_180616_0377.wav,1060,180616,20190624,female,03:08:30,0.711023701,0,0
1060_180616_0378.wav,1060,180616,20190624,female,03:09:00,0.65468849,0,0
1060_180616_0379.wav,1060,180616,20190624,female,03:09:30,0.763025434,0,0
1060_180616_0380.wav,1060,180616,20190624,female,03:10:00,0.626020867,0,0
1060_180616_0381.wav,1060,180616,20190624,female,03:10:30,0.725357512,0,0
1060_180616_0382.wav,1060,180616,20190624,female,03:11:00,0.588352945,0,0
1060_180616_0383.wav,1060,180616,20190624,female,03:11:30,0.647688256,0,0
1060_180616_0384.wav,1060,180616,20190624,female,03:12:00,0.645354845,0,0
1060_180616_0385.wav,1060,180616,20190624,female,03:12:30,0.619353978,0,0
1060_180616_0386.wav,1060,180616,20190624,female,03:13:00,0.533351112,0,0
1060_180616_0387.wav,1060,180616,20190624,female,03:13:30,0.56468549,0,0
1060_180616_0388.wav,1060,180616,20190624,female,03:14:00,0.546018201,0,0
1060_180616_0389.wav,1060,180616,20190624,female,03:14:30,0.530684356,0,0
1060_180616_0390.wav,1060,180616,20190624,female,03:15:00,0.547351578,0,0
1060_180616_0391.wav,1060,180616,20190624,female,03:15:30,0.369678989,0,0
1060_180616_0392.wav,1060,180616,20190624,female,03:16:00,0.579352645,0,0
1060_180616_0393.wav,1060,180616,20190624,female,03:16:30,0.674355812,0,0
1060_180616_0394.wav,1060,180616,20190624,female,03:17:00,0.747358245,0,0
1060_180616_0395.wav,1060,180616,20190624,female,03:17:30,0.607353578,0,0
1060_180616_0396.wav,1060,180616,20190624,female,03:18:00,0.303343445,0,0
1060_180616_0397.wav,1060,180616,20190624,female,03:18:30,0.559685323,0,0
1060_180616_0398.wav,1060,180616,20190624,female,03:19:00,0.667022234,0,0
1060_180616_0399.wav,1060,180616,20190624,female,03:19:30,0.300676689,0,0
1060_180616_0400.wav,1060,180616,20190624,female,03:20:00,0.571352378,0,0
1060_180616_0401.wav,1060,180616,20190624,female,03:20:30,0.232674422,0,0
1060_180616_0402.wav,1060,180616,20190624,female,03:21:00,0.181006034,0,0
1060_180616_0403.wav,1060,180616,20190624,female,03:21:30,0.1950065,0,0
1060_180616_0404.wav,1060,180616,20190624,female,03:22:00,0.482682756,0,0
1060_180616_0405.wav,1060,180616,20190624,female,03:22:30,0.502350078,0,0
1060_180616_0406.wav,1060,180616,20190624,female,03:23:00,0.319677323,0,0
1060_180616_0407.wav,1060,180616,20190624,female,03:23:30,0.483349445,0,0
1060_180616_0408.wav,1060,180616,20190624,female,03:24:00,0.429680989,0,0
1060_180616_0409.wav,1060,180616,20190624,female,03:24:30,0.373012434,0,0
1060_180616_0410.wav,1060,180616,20190624,female,03:25:00,0.464015467,0,0
1060_180616_0411.wav,1060,180616,20190624,female,03:25:30,0.3390113,0,0
1060_180616_0412.wav,1060,180616,20190624,female,03:26:00,0.343678123,0,0
1060_180616_0413.wav,1060,180616,20190624,female,03:26:30,0.610353678,0,0
1060_180616_0414.wav,1060,180616,20190624,female,03:27:00,0.685356179,0,0
1060_180616_0415.wav,1060,180616,20190624,female,03:27:30,0.319343978,0,0
1060_180616_0416.wav,1060,180616,20190624,female,03:28:00,0.753025101,0,0
1060_180616_0417.wav,1060,180616,20190624,female,03:28:30,0.815693856,0,0
1060_180616_0418.wav,1060,180616,20190624,female,03:29:00,0.714023801,0,0
1060_180616_0419.wav,1060,180616,20190624,female,03:29:30,0.518683956,0,0
1060_180616_0420.wav,1060,180616,20190624,female,03:30:00,0.668688956,0,0
1060_180616_0421.wav,1060,180616,20190624,female,03:30:30,0.664688823,0,0
1060_180616_0422.wav,1060,180616,20190624,female,03:31:00,0.610687023,0,0
1060_180616_0423.wav,1060,180616,20190624,female,03:31:30,0.646021534,0,0
1060_180616_0424.wav,1060,180616,20190624,female,03:32:00,0.622020734,0,0
1060_180616_0425.wav,1060,180616,20190624,female,03:32:30,0.855361845,0,0
1060_180616_0426.wav,1060,180616,20190624,female,03:33:00,0.826694223,0,0
1060_180616_0427.wav,1060,180616,20190624,female,03:33:30,0.845028168,0,0
1060_180616_0428.wav,1060,180616,20190624,female,03:34:00,0.704356812,0,0
1060_180616_0429.wav,1060,180616,20190624,female,03:34:30,0.71469049,0,0
1060_180616_0430.wav,1060,180616,20190624,female,03:35:00,0.943698123,0,0
1060_180616_0431.wav,1060,180616,20190624,female,03:35:30,0.55868529,0,0
1060_180616_0432.wav,1060,180616,20190624,female,03:36:00,0.450015001,0,0
1060_180616_0433.wav,1060,180616,20190624,female,03:36:30,0.624020801,0,0
1060_180616_0434.wav,1060,180616,20190624,female,03:37:00,0.745691523,0,0
1060_180616_0435.wav,1060,180616,20190624,female,03:37:30,0.470349012,0,0
1060_180616_0436.wav,1060,180616,20190624,female,03:38:00,0.431681056,0,0
1060_180616_0437.wav,1060,180616,20190624,female,03:38:30,0.467348912,0,0
1060_180616_0438.wav,1060,180616,20190624,female,03:39:00,0.61568719,0,0
1060_180616_0439.wav,1060,180616,20190624,female,03:39:30,0.418013934,0,0
1060_180616_0440.wav,1060,180616,20190624,female,03:40:00,0.440681356,0,0
1060_180616_0441.wav,1060,180616,20190624,female,03:40:30,0.447348245,0,0
1060_180616_0442.wav,1060,180616,20190624,female,03:41:00,0.296343211,0,0
1060_180616_0443.wav,1060,180616,20190624,female,03:41:30,0.448348278,0,0
1060_180616_0444.wav,1060,180616,20190624,female,03:42:00,0.2340078,0,0
1060_180616_0445.wav,1060,180616,20190624,female,03:42:30,0.364345478,0,0
1060_180616_0446.wav,1060,180616,20190624,female,03:43:00,0.2040068,0,0
1060_180616_0447.wav,1060,180616,20190624,female,03:43:30,0.341011367,0,0
1060_180616_0448.wav,1060,180616,20190624,female,03:44:00,0.433014434,0,0
1060_180616_0449.wav,1060,180616,20190624,female,03:44:30,0.345678189,0,0
1060_180616_0450.wav,1060,180616,20190624,female,03:45:00,0.563685456,0,0
1060_180616_0451.wav,1060,180616,20190624,female,03:45:30,0.109670322,0,0
1060_180616_0452.wav,1060,180616,20190624,female,03:46:00,0.248674956,0,0
1060_180616_0453.wav,1060,180616,20190624,female,03:46:30,0.213673789,0,0
1060_180616_0454.wav,1060,180616,20190624,female,03:47:00,0.3660122,0,0
1060_180616_0455.wav,1060,180616,20190624,female,03:47:30,0.2670089,0,0
1060_180616_0456.wav,1060,180616,20190624,female,03:48:00,0.454681823,0,0
1060_180616_0457.wav,1060,180616,20190624,female,03:48:30,0.227674256,0,0
1060_180616_0458.wav,1060,180616,20190624,female,03:49:00,0.261342045,0,0
1060_180616_0459.wav,1060,180616,20190624,female,03:49:30,0.3360112,0,0
1060_180616_0460.wav,1060,180616,20190624,female,03:50:00,0.491016367,0,0
1060_180616_0461.wav,1060,180616,20190624,female,03:50:30,0.197673256,0,0
1060_180616_0462.wav,1060,180616,20190624,female,03:51:00,0.215673856,0,0
1060_180616_0463.wav,1060,180616,20190624,female,03:51:30,0.390679689,0,0
1060_180616_0464.wav,1060,180616,20190624,female,03:52:00,0.208673622,0,0
1060_180616_0465.wav,1060,180616,20190624,female,03:52:30,0.389346312,0,0
1060_180616_0466.wav,1060,180616,20190624,female,03:53:00,0.451348378,0,0
1060_180616_0467.wav,1060,180616,20190624,female,03:53:30,0.448681623,0,0
1060_180616_0468.wav,1060,180616,20190624,female,03:54:00,0.415013834,0,0
1060_180616_0469.wav,1060,180616,20190624,female,03:54:30,0.361345378,0,0
1060_180616_0470.wav,1060,180616,20190624,female,03:55:00,0.472682423,0,0
1060_180616_0471.wav,1060,180616,20190624,female,03:55:30,0.549351645,0,0
1060_180616_0472.wav,1060,180616,20190624,female,03:56:00,0.208673622,0,0
1060_180616_0473.wav,1060,180616,20190624,female,03:56:30,0.453348445,0,0
1060_180616_0474.wav,1060,180616,20190624,female,03:57:00,0.575685856,0,0
1060_180616_0475.wav,1060,180616,20190624,female,03:57:30,0.782359412,0,0
1060_180616_0476.wav,1060,180616,20190624,female,03:58:00,0.549351645,0,0
1060_180616_0477.wav,1060,180616,20190624,female,03:58:30,0.394346478,0,0
1060_180616_0478.wav,1060,180616,20190624,female,03:59:00,0.518683956,0,0
1060_180616_0479.wav,1060,180616,20190624,female,03:59:30,0.450348345,0,0
1060_180616_0480.wav,1060,180616,20190624,female,04:00:00,0.581019367,0,0
1060_180616_0481.wav,1060,180616,20190624,female,04:00:30,0.689689656,0,0
1060_180616_0482.wav,1060,180616,20190624,female,04:01:00,0.609353645,0,0
1060_180616_0483.wav,1060,180616,20190624,female,04:01:30,0.559018634,0,0
1060_180616_0484.wav,1060,180616,20190624,female,04:02:00,0.2130071,0,0
1060_180616_0485.wav,1060,180616,20190624,female,04:02:30,0.114670489,0,0
1060_180616_0486.wav,1060,180616,20190624,female,04:03:00,0.029667656,0,0
1060_180616_0487.wav,1060,180616,20190624,female,04:03:30,0,0,0
1060_180616_0488.wav,1060,180616,20190624,female,04:04:00,0.030334344,0,0
1060_180616_0489.wav,1060,180616,20190624,female,04:04:30,0.011333711,0,0
1060_180616_0490.wav,1060,180616,20190624,female,04:05:00,0.024334144,0,0
1060_180616_0491.wav,1060,180616,20190624,female,04:05:30,0,0,0
1060_180616_0492.wav,1060,180616,20190624,female,04:06:00,0,0,0
1060_180616_0493.wav,1060,180616,20190624,female,04:06:30,0.051668389,0,0
1060_180616_0494.wav,1060,180616,20190624,female,04:07:00,0,0,0
1060_180616_0495.wav,1060,180616,20190624,female,04:07:30,0,0,0
1060_180616_0496.wav,1060,180616,20190624,female,04:08:00,0,0,0
1060_180616_0497.wav,1060,180616,20190624,female,04:08:30,0,0,0
1060_180616_0498.wav,1060,180616,20190624,female,04:09:00,0.021334044,0,0
1060_180616_0499.wav,1060,180616,20190624,female,04:09:30,0.094336478,0,0
1060_180616_0500.wav,1060,180616,20190624,female,04:10:00,0.142338078,0,0
1060_180616_0501.wav,1060,180616,20190624,female,04:10:30,0.008333611,0,0
1060_180616_0502.wav,1060,180616,20190624,female,04:11:00,0.034001133,0,0
1060_180616_0503.wav,1060,180616,20190624,female,04:11:30,0,0,0
1060_180616_0504.wav,1060,180616,20190624,female,04:12:00,0.090336345,0,0
1060_180616_0505.wav,1060,180616,20190624,female,04:12:30,0.023667456,0,0
1060_180616_0506.wav,1060,180616,20190624,female,04:13:00,0.006333544,0,0
1060_180616_0507.wav,1060,180616,20190624,female,04:13:30,0.072669089,0,0
1060_180616_0508.wav,1060,180616,20190624,female,04:14:00,0.137004567,0,0
1060_180616_0509.wav,1060,180616,20190624,female,04:14:30,0.029000967,0,0
1060_180616_0510.wav,1060,180616,20190624,female,04:15:00,0.030334344,0,0
1060_180616_0511.wav,1060,180616,20190624,female,04:15:30,0.053668456,0,0
1060_180616_0512.wav,1060,180616,20190624,female,04:16:00,0.024334144,0,0
1060_180616_0513.wav,1060,180616,20190624,female,04:16:30,0.004333478,0,0
1060_180616_0514.wav,1060,180616,20190624,female,04:17:00,0.013000433,0,0
1060_180616_0515.wav,1060,180616,20190624,female,04:17:30,0.0810027,0,0
1060_180616_0516.wav,1060,180616,20190624,female,04:18:00,0.187339578,0,0
1060_180616_0517.wav,1060,180616,20190624,female,04:18:30,0.112670422,0,0
1060_180616_0518.wav,1060,180616,20190624,female,04:19:00,0.366345545,0,0
1060_180616_0519.wav,1060,180616,20190624,female,04:19:30,0.2460082,0,0
1060_180616_0520.wav,1060,180616,20190624,female,04:20:00,0.149338311,0,0
1060_180616_0521.wav,1060,180616,20190624,female,04:20:30,0.235341178,0,0
1060_180616_0522.wav,1060,180616,20190624,female,04:21:00,0.276675889,0,0
1060_180616_0523.wav,1060,180616,20190624,female,04:21:30,0.030334344,0,0
1060_180616_0524.wav,1060,180616,20190624,female,04:22:00,0.142338078,0,0
1060_180616_0525.wav,1060,180616,20190624,female,04:22:30,0.069668989,0,0
1060_180616_0526.wav,1060,180616,20190624,female,04:23:00,0.0330011,0,0
1060_180616_0527.wav,1060,180616,20190624,female,04:23:30,0.049334978,0,0
1060_180616_0528.wav,1060,180616,20190624,female,04:24:00,0.109336978,0,0
1060_180616_0529.wav,1060,180616,20190624,female,04:24:30,0.360678689,0,0
1060_180616_0530.wav,1060,180616,20190624,female,04:25:00,0.3480116,0,0
1060_180616_0531.wav,1060,180616,20190624,female,04:25:30,0.085336178,0,0
1060_180616_0532.wav,1060,180616,20190624,female,04:26:00,0.052335078,0,0
1060_180616_0533.wav,1060,180616,20190624,female,04:26:30,0,0,1
1060_180616_0534.wav,1060,180616,20190624,female,04:27:00,0.116337211,0,1
1060_180616_0535.wav,1060,180616,20190624,female,04:27:30,0.324344145,0,1
1060_180616_0536.wav,1060,180616,20190624,female,04:28:00,0.069335645,0,1
1060_180616_0537.wav,1060,180616,20190624,female,04:28:30,0.319343978,0,1
1060_180616_0538.wav,1060,180616,20190624,female,04:29:00,0.152005067,0,1
1060_180616_0539.wav,1060,180616,20190624,female,04:29:30,0.030334344,0,1
1060_180616_0540.wav,1060,180616,20190624,female,04:30:00,0.005666856,0,1
1060_180616_0541.wav,1060,180616,20190624,female,04:30:30,0,0,1
1060_180616_0542.wav,1060,180616,20190624,female,04:31:00,0,0,1
1060_180616_0543.wav,1060,180616,20190624,female,04:31:30,0,0,1
1060_180616_0544.wav,1060,180616,20190624,female,04:32:00,0.007000233,0,1
1060_180616_0545.wav,1060,180616,20190624,female,04:32:30,0,0,1
1060_180616_0546.wav,1060,180616,20190624,female,04:33:00,0,0,1
1060_180616_0547.wav,1060,180616,20190624,female,04:33:30,0,0,1
1060_180616_0548.wav,1060,180616,20190624,female,04:34:00,0,0,0
1060_180616_0549.wav,1060,180616,20190624,female,04:34:30,0.004000133,0,0
1060_180616_0550.wav,1060,180616,20190624,female,04:35:00,0,0,0
1060_180616_0551.wav,1060,180616,20190624,female,04:35:30,0.044001467,0,0
1060_180616_0552.wav,1060,180616,20190624,female,04:36:00,0.009666989,0,0
1060_180616_0553.wav,1060,180616,20190624,female,04:36:30,0,0,0
1060_180616_0554.wav,1060,180616,20190624,female,04:37:00,0.018667289,0,0
1060_180616_0555.wav,1060,180616,20190624,female,04:37:30,0.001333378,0,0
1060_180616_0556.wav,1060,180616,20190624,female,04:38:00,0.052668422,0,0
1060_180616_0557.wav,1060,180616,20190624,female,04:38:30,0.011333711,0,0
1060_180616_0558.wav,1060,180616,20190624,female,04:39:00,0.040668022,0,0
1060_180616_0559.wav,1060,180616,20190624,female,04:39:30,0.050335011,0,0
1060_180616_0560.wav,1060,180616,20190624,female,04:40:00,0.023334111,0,0
1060_180616_0561.wav,1060,180616,20190624,female,04:40:30,0.031667722,0,0
1060_180616_0562.wav,1060,180616,20190624,female,04:41:00,0.0060002,0,0
1060_180616_0563.wav,1060,180616,20190624,female,04:41:30,0.603020101,0,0
1060_180616_0564.wav,1060,180616,20190624,female,04:42:00,0.628354278,0,0
1060_180616_0565.wav,1060,180616,20190624,female,04:42:30,0.759358645,0,0
1060_180616_0566.wav,1060,180616,20190624,female,04:43:00,0.830694356,0,0
1060_180616_0567.wav,1060,180616,20190624,female,04:43:30,0.745691523,0,0
1060_180616_0568.wav,1060,180616,20190624,female,04:44:00,0.731357712,0,0
1060_180616_0569.wav,1060,180616,20190624,female,04:44:30,0.596686556,0,0
1060_180616_0570.wav,1060,180616,20190624,female,04:45:00,0.372345745,0,0
1060_180616_0571.wav,1060,180616,20190624,female,04:45:30,0.233674456,0,0
1060_180616_0572.wav,1060,180616,20190624,female,04:46:00,0.354345145,0,0
1060_180616_0573.wav,1060,180616,20190624,female,04:46:30,0.089336311,0,0
1060_180616_0574.wav,1060,180616,20190624,female,04:47:00,0.128337611,0,0
1060_180616_0575.wav,1060,180616,20190624,female,04:47:30,0.233007767,0,0
1060_180616_0576.wav,1060,180616,20190624,female,04:48:00,0.092669756,0,0
1060_180616_0577.wav,1060,180616,20190624,female,04:48:30,0.302010067,0,0
1060_180616_0578.wav,1060,180616,20190624,female,04:49:00,0.176672556,0,0
1060_180616_0579.wav,1060,180616,20190624,female,04:49:30,0.333344445,0,0
1060_180616_0580.wav,1060,180616,20190624,female,04:50:00,0.113337111,0,0
1060_180616_0581.wav,1060,180616,20190624,female,04:50:30,0.221007367,0,0
1060_180616_0582.wav,1060,180616,20190624,female,04:51:00,0.230341011,0,0
1060_180616_0583.wav,1060,180616,20190624,female,04:51:30,0.056335211,0,0
1060_180616_0584.wav,1060,180616,20190624,female,04:52:00,0.172339078,0,0
1060_180616_0585.wav,1060,180616,20190624,female,04:52:30,0.077669256,0,0
1060_180616_0586.wav,1060,180616,20190624,female,04:53:00,0.2430081,0,0
1060_180616_0587.wav,1060,180616,20190624,female,04:53:30,0.304010134,0,0
1060_180616_0588.wav,1060,180616,20190624,female,04:54:00,0.1830061,0,0
1060_180616_0589.wav,1060,180616,20190624,female,04:54:30,0.295009834,0,0
1060_180616_0590.wav,1060,180616,20190624,female,04:55:00,0.361012034,0,0
1060_180616_0591.wav,1060,180616,20190624,female,04:55:30,0.3450115,0,0
1060_180616_0592.wav,1060,180616,20190624,female,04:56:00,0.4350145,0,0
1060_180616_0593.wav,1060,180616,20190624,female,04:56:30,0.242008067,0,0
1060_180616_0594.wav,1060,180616,20190624,female,04:57:00,0.367678923,0,0
1060_180616_0595.wav,1060,180616,20190624,female,04:57:30,0.124670822,0,0
1060_180616_0596.wav,1060,180616,20190624,female,04:58:00,0.296009867,0,0
1060_180616_0597.wav,1060,180616,20190624,female,04:58:30,0.060335345,0,0
1060_180616_0598.wav,1060,180616,20190624,female,04:59:00,0.120337345,0,0
1060_180616_0599.wav,1060,180616,20190624,female,04:59:30,0.076669222,0,0
1060_180616_0600.wav,1060,180616,20190624,female,05:00:00,0.044334811,0,0
1060_180616_0601.wav,1060,180616,20190624,female,05:00:30,0.134337811,0,0
1060_180616_0602.wav,1060,180616,20190624,female,05:01:00,0.320010667,0,0
1060_180616_0603.wav,1060,180616,20190624,female,05:01:30,0.065002167,0,0
1060_180616_0604.wav,1060,180616,20190624,female,05:02:00,0.003333444,0,0
1060_180616_0605.wav,1060,180616,20190624,female,05:02:30,0.029334311,0,0
1060_180616_0606.wav,1060,180616,20190624,female,05:03:00,0.010000333,0,0
1060_180616_0607.wav,1060,180616,20190624,female,05:03:30,0.080669356,0,0
1060_180616_0608.wav,1060,180616,20190624,female,05:04:00,0.273675789,0,0
1060_180616_0609.wav,1060,180616,20190624,female,05:04:30,0.303343445,0,0
1060_180616_0610.wav,1060,180616,20190624,female,05:05:00,0.122670756,0,0
1060_180616_0611.wav,1060,180616,20190624,female,05:05:30,0.194339811,0,0
1060_180616_0612.wav,1060,180616,20190624,female,05:06:00,0,0,0
1060_180616_0613.wav,1060,180616,20190624,female,05:06:30,0.133671122,0,0
1060_180616_0614.wav,1060,180616,20190624,female,05:07:00,0.055001833,0,0
1060_180616_0615.wav,1060,180616,20190624,female,05:07:30,0.061668722,0,0
1060_180616_0616.wav,1060,180616,20190624,female,05:08:00,0.144338145,0,0
1060_180616_0617.wav,1060,180616,20190624,female,05:08:30,0.324344145,0,0
1060_180616_0618.wav,1060,180616,20190624,female,05:09:00,0.578685956,0,0
1060_180616_0619.wav,1060,180616,20190624,female,05:09:30,0.126337545,0,0
1060_180616_0620.wav,1060,180616,20190624,female,05:10:00,0.2730091,0,0
1060_180616_0621.wav,1060,180616,20190624,female,05:10:30,0.3390113,0,0
1060_180616_0622.wav,1060,180616,20190624,female,05:11:00,0.278009267,0,0
1060_180616_0623.wav,1060,180616,20190624,female,05:11:30,0.173672456,0,0
1060_180616_0624.wav,1060,180616,20190624,female,05:12:00,0.187006234,0,0
1060_180616_0625.wav,1060,180616,20190624,female,05:12:30,0.129670989,0,0
1060_180616_0626.wav,1060,180616,20190624,female,05:13:00,0.450681689,0,0
1060_180616_0627.wav,1060,180616,20190624,female,05:13:30,0.622687423,0,0
1060_180616_0628.wav,1060,180616,20190624,female,05:14:00,0.514017134,0,0
1060_180616_0629.wav,1060,180616,20190624,female,05:14:30,0.662355412,0,0
1060_180616_0630.wav,1060,180616,20190624,female,05:15:00,0.334344478,0,0
1060_180616_0631.wav,1060,180616,20190624,female,05:15:30,0.540351345,0,0
1060_180616_0632.wav,1060,180616,20190624,female,05:16:00,0.538017934,0,0
1060_180616_0633.wav,1060,180616,20190624,female,05:16:30,0.725690856,0,0
1060_180616_0634.wav,1060,180616,20190624,female,05:17:00,0.178005934,0,0
1060_180616_0635.wav,1060,180616,20190624,female,05:17:30,0.145671522,0,0
1060_180616_0636.wav,1060,180616,20190624,female,05:18:00,0.115670522,0,0
1060_180616_0637.wav,1060,180616,20190624,female,05:18:30,0.064002133,0,0
1060_180616_0638.wav,1060,180616,20190624,female,05:19:00,0.201340045,0,0
1060_180616_0639.wav,1060,180616,20190624,female,05:19:30,0.028000933,0,0
1060_180616_0640.wav,1060,180616,20190624,female,05:20:00,0.172005734,0,0
1060_180616_0641.wav,1060,180616,20190624,female,05:20:30,0.358345278,0,0
1060_180616_0642.wav,1060,180616,20190624,female,05:21:00,0.180339345,0,0
1060_180616_0643.wav,1060,180616,20190624,female,05:21:30,0.063668789,0,0
1060_180616_0644.wav,1060,180616,20190624,female,05:22:00,0.374012467,0,0
1060_180616_0645.wav,1060,180616,20190624,female,05:22:30,0.346011534,0,0
1060_180616_0646.wav,1060,180616,20190624,female,05:23:00,0.196673222,0,0
1060_180616_0647.wav,1060,180616,20190624,female,05:23:30,0.268675623,0,0
1060_180616_0648.wav,1060,180616,20190624,female,05:24:00,0.030334344,0,0
1060_180616_0649.wav,1060,180616,20190624,female,05:24:30,0.055001833,0,0
1060_180616_0650.wav,1060,180616,20190624,female,05:25:00,0.175005834,0,0
1060_180616_0651.wav,1060,180616,20190624,female,05:25:30,0.487349578,0,0
1060_180616_0652.wav,1060,180616,20190624,female,05:26:00,0.229340978,0,0
1060_180616_0653.wav,1060,180616,20190624,female,05:26:30,0.235341178,0,0
1060_180616_0654.wav,1060,180616,20190624,female,05:27:00,0.030667689,0,0
1060_180616_0655.wav,1060,180616,20190624,female,05:27:30,0.058001933,0,0
1060_180616_0656.wav,1060,180616,20190624,female,05:28:00,0.049334978,0,0
1060_180616_0657.wav,1060,180616,20190624,female,05:28:30,0.035334511,0,0
1060_180616_0658.wav,1060,180616,20190624,female,05:29:00,0.254008467,0,0
1060_180616_0659.wav,1060,180616,20190624,female,05:29:30,0.285676189,0,0
1060_180616_0660.wav,1060,180616,20190624,female,05:30:00,0.377345912,0,0
1060_180616_0661.wav,1060,180616,20190624,female,05:30:30,0.562018734,0,0
1060_180616_0662.wav,1060,180616,20190624,female,05:31:00,0.182672756,0,0
1060_180616_0663.wav,1060,180616,20190624,female,05:31:30,0.316343878,0,0
1060_180616_0664.wav,1060,180616,20190624,female,05:32:00,0.003333444,0,0
1060_180616_0665.wav,1060,180616,20190624,female,05:32:30,0.125337511,0,0
1060_180616_0666.wav,1060,180616,20190624,female,05:33:00,0.037667922,0,0
1060_180616_0667.wav,1060,180616,20190624,female,05:33:30,0.048668289,0,0
1060_180616_0668.wav,1060,180616,20190624,female,05:34:00,0.074669156,0,0
1060_180616_0669.wav,1060,180616,20190624,female,05:34:30,0.304343478,0,0
1060_180616_0670.wav,1060,180616,20190624,female,05:35:00,0.242674756,0,0
1060_180616_0671.wav,1060,180616,20190624,female,05:35:30,0.135671189,0,0
1060_180616_0672.wav,1060,180616,20190624,female,05:36:00,0.1170039,0,0
1060_180616_0673.wav,1060,180616,20190624,female,05:36:30,0.213340445,0,0
1060_180616_0674.wav,1060,180616,20190624,female,05:37:00,0.172005734,0,0
1060_180616_0675.wav,1060,180616,20190624,female,05:37:30,0.257008567,0,0
1060_180616_0676.wav,1060,180616,20190624,female,05:38:00,0.3270109,0,0
1060_180616_0677.wav,1060,180616,20190624,female,05:38:30,0.499349978,0,0
1060_180616_0678.wav,1060,180616,20190624,female,05:39:00,0.320677356,0,0
1060_180616_0679.wav,1060,180616,20190624,female,05:39:30,0.147338245,0,0
1060_180616_0680.wav,1060,180616,20190624,female,05:40:00,0.296009867,0,0
1060_180616_0681.wav,1060,180616,20190624,female,05:40:30,0.131671056,0,0
1060_180616_0682.wav,1060,180616,20190624,female,05:41:00,0.168338945,0,0
1060_180616_0683.wav,1060,180616,20190624,female,05:41:30,0.350678356,0,0
1060_180616_0684.wav,1060,180616,20190624,female,05:42:00,0.1620054,0,0
1060_180616_0685.wav,1060,180616,20190624,female,05:42:30,0.453015101,0,0
1060_180616_0686.wav,1060,180616,20190624,female,05:43:00,0.125337511,0,0
1060_180616_0687.wav,1060,180616,20190624,female,05:43:30,0.056001867,0,0
1060_180616_0688.wav,1060,180616,20190624,female,05:44:00,0.055335178,0,0
1060_180616_0689.wav,1060,180616,20190624,female,05:44:30,0.026000867,0,0
1060_180616_0690.wav,1060,180616,20190624,female,05:45:00,0.0240008,0,0
1060_180616_0691.wav,1060,180616,20190624,female,05:45:30,0.003333444,0,0
1060_180616_0692.wav,1060,180616,20190624,female,05:46:00,0.020334011,0,0
1060_180616_0693.wav,1060,180616,20190624,female,05:46:30,0.032001067,0,0
1060_180616_0694.wav,1060,180616,20190624,female,05:47:00,0.005666856,0,0
1060_180616_0695.wav,1060,180616,20190624,female,05:47:30,0.132337745,0,0
1060_180616_0696.wav,1060,180616,20190624,female,05:48:00,0.163672122,0,0
1060_180616_0697.wav,1060,180616,20190624,female,05:48:30,0.136004533,0,0
1060_180616_0698.wav,1060,180616,20190624,female,05:49:00,0.030001,0,0
1060_180616_0699.wav,1060,180616,20190624,female,05:49:30,0.016000533,0,0
1060_180616_0700.wav,1060,180616,20190624,female,05:50:00,0.081336045,0,0
1060_180616_0701.wav,1060,180616,20190624,female,05:50:30,0.352345078,0,0
1060_180616_0702.wav,1060,180616,20190624,female,05:51:00,0.2220074,0,0
1060_180616_0703.wav,1060,180616,20190624,female,05:51:30,0.078669289,0,0
1060_180616_0704.wav,1060,180616,20190624,female,05:52:00,0.018333944,0,0
1060_180616_0705.wav,1060,180616,20190624,female,05:52:30,0.009666989,0,0
1060_180616_0706.wav,1060,180616,20190624,female,05:53:00,0.020334011,0,0
1060_180616_0707.wav,1060,180616,20190624,female,05:53:30,0.003666789,0,0
1060_180616_0708.wav,1060,180616,20190624,female,05:54:00,0.042668089,0,0
1060_180616_0709.wav,1060,180616,20190624,female,05:54:30,0.018667289,0,0
1060_180616_0710.wav,1060,180616,20190624,female,05:55:00,0.008333611,0,0
1060_180616_0711.wav,1060,180616,20190624,female,05:55:30,0.056001867,0,0
1060_180616_0712.wav,1060,180616,20190624,female,05:56:00,0.049668322,0,0
1060_180616_0713.wav,1060,180616,20190624,female,05:56:30,0.065668856,0,0
1060_180616_0714.wav,1060,180616,20190624,female,05:57:00,0.140004667,0,0
1060_180616_0715.wav,1060,180616,20190624,female,05:57:30,0.015667189,0,0
1060_180616_0716.wav,1060,180616,20190624,female,05:58:00,0.059335311,0,0
1060_180616_0717.wav,1060,180616,20190624,female,05:58:30,0.046668222,0,0
1060_180616_0718.wav,1060,180616,20190624,female,05:59:00,0.165338845,0,0
1060_180616_0719.wav,1060,180616,20190624,female,05:59:30,0,0,0
1060_180616_0720.wav,1060,180616,20190624,female,06:00:00,0,0,0
1060_180616_0721.wav,1060,180616,20190624,female,06:00:30,0.031334378,0,0
1060_180616_0722.wav,1060,180616,20190624,female,06:01:00,0.020334011,0,0
1060_180616_0723.wav,1060,180616,20190624,female,06:01:30,0.026000867,0,0
1060_180616_0724.wav,1060,180616,20190624,female,06:02:00,0.017000567,0,0
1060_180616_0725.wav,1060,180616,20190624,female,06:02:30,0.041001367,0,0
1060_180616_0726.wav,1060,180616,20190624,female,06:03:00,0.074335811,0,0
1060_180616_0727.wav,1060,180616,20190624,female,06:03:30,0,0,0
1060_180616_0728.wav,1060,180616,20190624,female,06:04:00,0,0,0
1060_180616_0729.wav,1060,180616,20190624,female,06:04:30,0.004333478,0,0
1060_180616_0730.wav,1060,180616,20190624,female,06:05:00,0,0,0
1060_180616_0731.wav,1060,180616,20190624,female,06:05:30,0.003666789,0,0
1060_180616_0732.wav,1060,180616,20190624,female,06:06:00,0,0,0
1060_180616_0733.wav,1060,180616,20190624,female,06:06:30,0,0,0
1060_180616_0734.wav,1060,180616,20190624,female,06:07:00,0.064668822,0,0
1060_180616_0735.wav,1060,180616,20190624,female,06:07:30,0.010000333,0,0
1060_180616_0736.wav,1060,180616,20190624,female,06:08:00,0.004000133,0,0
1060_180616_0737.wav,1060,180616,20190624,female,06:08:30,0,0,0
1060_180616_0738.wav,1060,180616,20190624,female,06:09:00,0.013333778,0,0
1060_180616_0739.wav,1060,180616,20190624,female,06:09:30,0.010667022,0,0
1060_180616_0740.wav,1060,180616,20190624,female,06:10:00,0.004000133,0,0
1060_180616_0741.wav,1060,180616,20190624,female,06:10:30,0.0030001,0,0
1060_180616_0742.wav,1060,180616,20190624,female,06:11:00,0.049668322,0,0
1060_180616_0743.wav,1060,180616,20190624,female,06:11:30,0,0,0
1060_180616_0744.wav,1060,180616,20190624,female,06:12:00,0,0,0
1060_180616_0745.wav,1060,180616,20190624,female,06:12:30,0,0,0
1060_180616_0746.wav,1060,180616,20190624,female,06:13:00,0.017000567,0,0
1060_180616_0747.wav,1060,180616,20190624,female,06:13:30,0,0,0
1060_180616_0748.wav,1060,180616,20190624,female,06:14:00,0.019000633,0,0
1060_180616_0749.wav,1060,180616,20190624,female,06:14:30,0.005333511,0,0
1060_180616_0750.wav,1060,180616,20190624,female,06:15:00,0,0,0
1060_180616_0751.wav,1060,180616,20190624,female,06:15:30,0.014667156,0,0
1060_180616_0752.wav,1060,180616,20190624,female,06:16:00,0,0,0
1060_180616_0753.wav,1060,180616,20190624,female,06:16:30,0.018667289,0,0
1060_180616_0754.wav,1060,180616,20190624,female,06:17:00,0,0,0
1060_180616_0755.wav,1060,180616,20190624,female,06:17:30,0.020334011,0,0
1060_180616_0756.wav,1060,180616,20190624,female,06:18:00,0.009333644,0,0
1060_180616_0757.wav,1060,180616,20190624,female,06:18:30,0.044334811,0,0
1060_180616_0758.wav,1060,180616,20190624,female,06:19:00,0.005000167,0,0
1060_180616_0759.wav,1060,180616,20190624,female,06:19:30,0.036334544,0,0
1060_180616_0760.wav,1060,180616,20190624,female,06:20:00,0.004666822,0,0
1060_180616_0761.wav,1060,180616,20190624,female,06:20:30,0.071002367,0,0
1060_180616_0762.wav,1060,180616,20190624,female,06:21:00,0.038334611,0,0
1060_180616_0763.wav,1060,180616,20190624,female,06:21:30,0.242008067,0,0
1060_180616_0764.wav,1060,180616,20190624,female,06:22:00,0.102670089,0,0
1060_180616_0765.wav,1060,180616,20190624,female,06:22:30,0.386346212,0,0
1060_180616_0766.wav,1060,180616,20190624,female,06:23:00,0.248341611,0,0
1060_180616_0767.wav,1060,180616,20190624,female,06:23:30,0.271009034,0,0
1060_180616_0768.wav,1060,180616,20190624,female,06:24:00,0.460682023,0,0
1060_180616_0769.wav,1060,180616,20190624,female,06:24:30,0.299343311,0,0
1060_180616_0770.wav,1060,180616,20190624,female,06:25:00,0.532351078,0,0
1060_180616_0771.wav,1060,180616,20190624,female,06:25:30,0.578019267,0,0
1060_180616_0772.wav,1060,180616,20190624,female,06:26:00,0.540351345,0,0
1060_180616_0773.wav,1060,180616,20190624,female,06:26:30,0.494349812,0,0
1060_180616_0774.wav,1060,180616,20190624,female,06:27:00,0.431681056,0,0
1060_180616_0775.wav,1060,180616,20190624,female,06:27:30,0.264342145,0,0
1060_180616_0776.wav,1060,180616,20190624,female,06:28:00,0.196006534,0,0
1060_180616_0777.wav,1060,180616,20190624,female,06:28:30,0.0450015,0,0
1060_180616_0778.wav,1060,180616,20190624,female,06:29:00,0.065668856,0,0
1060_180616_0779.wav,1060,180616,20190624,female,06:29:30,0.195673189,0,0
1060_180616_0780.wav,1060,180616,20190624,female,06:30:00,0.070002333,0,0
1060_180616_0781.wav,1060,180616,20190624,female,06:30:30,0.104336811,0,0
1060_180616_0782.wav,1060,180616,20190624,female,06:31:00,0.370345678,0,0
1060_180616_0783.wav,1060,180616,20190624,female,06:31:30,0.190006334,0,0
1060_180616_0784.wav,1060,180616,20190624,female,06:32:00,0.210340345,0,0
1060_180616_0785.wav,1060,180616,20190624,female,06:32:30,0.051668389,0,0
1060_180616_0786.wav,1060,180616,20190624,female,06:33:00,0.194673156,0,0
1060_180616_0787.wav,1060,180616,20190624,female,06:33:30,0.047668256,0,0
1060_180616_0788.wav,1060,180616,20190624,female,06:34:00,0.170339011,0,0
1060_180616_0789.wav,1060,180616,20190624,female,06:34:30,0.240674689,0,0
1060_180616_0790.wav,1060,180616,20190624,female,06:35:00,0.189672989,0,0
1060_180616_0791.wav,1060,180616,20190624,female,06:35:30,0.394013134,0,0
1060_180616_0792.wav,1060,180616,20190624,female,06:36:00,0.205673522,0,0
1060_180616_0793.wav,1060,180616,20190624,female,06:36:30,0.2130071,0,0
1060_180616_0794.wav,1060,180616,20190624,female,06:37:00,0.226340878,0,0
1060_180616_0795.wav,1060,180616,20190624,female,06:37:30,0.134337811,0,0
1060_180616_0796.wav,1060,180616,20190624,female,06:38:00,0.193339778,0,0
1060_180616_0797.wav,1060,180616,20190624,female,06:38:30,0.63368779,0,0
1060_180616_0798.wav,1060,180616,20190624,female,06:39:00,0.209673656,0,0
1060_180616_0799.wav,1060,180616,20190624,female,06:39:30,0.281009367,0,0
1060_180616_0800.wav,1060,180616,20190624,female,06:40:00,0.345678189,0,0
1060_180616_0801.wav,1060,180616,20190624,female,06:40:30,0.103336778,0,0
1060_180616_0802.wav,1060,180616,20190624,female,06:41:00,0.019333978,0,0
1060_180616_0803.wav,1060,180616,20190624,female,06:41:30,0.483682789,0,0
1060_180616_0804.wav,1060,180616,20190624,female,06:42:00,0.167338911,0,0
1060_180616_0805.wav,1060,180616,20190624,female,06:42:30,0.241008034,0,0
1060_180616_0806.wav,1060,180616,20190624,female,06:43:00,0.257675256,0,0
1060_180616_0807.wav,1060,180616,20190624,female,06:43:30,0.326344211,0,0
1060_180616_0808.wav,1060,180616,20190624,female,06:44:00,0.330677689,0,0
1060_180616_0809.wav,1060,180616,20190624,female,06:44:30,0.262342078,0,0
1060_180616_0810.wav,1060,180616,20190624,female,06:45:00,0.283342778,0,0
1060_180616_0811.wav,1060,180616,20190624,female,06:45:30,0.533684456,0,0
1060_180616_0812.wav,1060,180616,20190624,female,06:46:00,0.280342678,0,0
1060_180616_0813.wav,1060,180616,20190624,female,06:46:30,0.239341311,0,0
1060_180616_0814.wav,1060,180616,20190624,female,06:47:00,0.162672089,0,0
1060_180616_0815.wav,1060,180616,20190624,female,06:47:30,0.303343445,0,0
1060_180616_0816.wav,1060,180616,20190624,female,06:48:00,0.384679489,0,0
1060_180616_0817.wav,1060,180616,20190624,female,06:48:30,0.598019934,0,0
1060_180616_0818.wav,1060,180616,20190624,female,06:49:00,0.571019034,0,0
1060_180616_0819.wav,1060,180616,20190624,female,06:49:30,0.490349678,0,0
1060_180616_0820.wav,1060,180616,20190624,female,06:50:00,0.336677889,0,0
1060_180616_0821.wav,1060,180616,20190624,female,06:50:30,0.522017401,0,0
1060_180616_0822.wav,1060,180616,20190624,female,06:51:00,0.330344345,0,0
1060_180616_0823.wav,1060,180616,20190624,female,06:51:30,0.392679756,0,0
1060_180616_0824.wav,1060,180616,20190624,female,06:52:00,0.696023201,0,0
1060_180616_0825.wav,1060,180616,20190624,female,06:52:30,0.617020567,0,0
1060_180616_0826.wav,1060,180616,20190624,female,06:53:00,0.360012,0,0
1060_180616_0827.wav,1060,180616,20190624,female,06:53:30,0.563352112,0,0
1060_180616_0828.wav,1060,180616,20190624,female,06:54:00,0.561018701,0,0
1060_180616_0829.wav,1060,180616,20190624,female,06:54:30,0.278675956,0,0
1060_180616_0830.wav,1060,180616,20190624,female,06:55:00,0.374345812,0,0
1060_180616_0831.wav,1060,180616,20190624,female,06:55:30,0.2760092,0,0
1060_180616_0832.wav,1060,180616,20190624,female,06:56:00,0.385012834,0,0
1060_180616_0833.wav,1060,180616,20190624,female,06:56:30,0.172672422,0,0
1060_180616_0834.wav,1060,180616,20190624,female,06:57:00,0.071335711,0,0
1060_180616_0835.wav,1060,180616,20190624,female,06:57:30,0.050668356,0,0
1060_180616_0836.wav,1060,180616,20190624,female,06:58:00,0.209673656,0,0
1060_180616_0837.wav,1060,180616,20190624,female,06:58:30,0.199673322,0,0
1060_180616_0838.wav,1060,180616,20190624,female,06:59:00,0.3450115,0,0
1060_180616_0839.wav,1060,180616,20190624,female,06:59:30,0.428347612,0,0
1060_180616_0840.wav,1060,180616,20190624,female,07:00:00,0.365678856,0,0
1060_180616_0841.wav,1060,180616,20190624,female,07:00:30,0.0870029,0,0
1060_180616_0842.wav,1060,180616,20190624,female,07:01:00,0.0960032,0,0
1060_180616_0843.wav,1060,180616,20190624,female,07:01:30,0.066668889,0,0
1060_180616_0844.wav,1060,180616,20190624,female,07:02:00,0.203006767,0,0
1060_180616_0845.wav,1060,180616,20190624,female,07:02:30,0.227007567,0,0
1060_180616_0846.wav,1060,180616,20190624,female,07:03:00,0.010667022,0,0
1060_180616_0847.wav,1060,180616,20190624,female,07:03:30,0.041668056,0,0
1060_180616_0848.wav,1060,180616,20190624,female,07:04:00,0.120004,0,0
1060_180616_0849.wav,1060,180616,20190624,female,07:04:30,0.419680656,0,0
1060_180616_0850.wav,1060,180616,20190624,female,07:05:00,0.167338911,0,0
1060_180616_0851.wav,1060,180616,20190624,female,07:05:30,0.365012167,0,0
1060_180616_0852.wav,1060,180616,20190624,female,07:06:00,0.1980066,0,0
1060_180616_0853.wav,1060,180616,20190624,female,07:06:30,0.119003967,0,0
1060_180616_0854.wav,1060,180616,20190624,female,07:07:00,0.1920064,0,0
1060_180616_0855.wav,1060,180616,20190624,female,07:07:30,0.185006167,0,0
1060_180616_0856.wav,1060,180616,20190624,female,07:08:00,0.215007167,0,0
1060_180616_0857.wav,1060,180616,20190624,female,07:08:30,0.265008834,0,0
1060_180616_0858.wav,1060,180616,20190624,female,07:09:00,0.216673889,0,0
1060_180616_0859.wav,1060,180616,20190624,female,07:09:30,0.401680056,0,0
1060_180616_0860.wav,1060,180616,20190624,female,07:10:00,0.700356679,0,0
1060_180616_0861.wav,1060,180616,20190624,female,07:10:30,0.263675456,0,0
1060_180616_0862.wav,1060,180616,20190624,female,07:11:00,0.105336845,0,0
1060_180616_0863.wav,1060,180616,20190624,female,07:11:30,0.234674489,0,0
1060_180616_0864.wav,1060,180616,20190624,female,07:12:00,0.636021201,0,0
1060_180616_0865.wav,1060,180616,20190624,female,07:12:30,0.373345778,0,0
1060_180616_0866.wav,1060,180616,20190624,female,07:13:00,0.557018567,0,0
1060_180616_0867.wav,1060,180616,20190624,female,07:13:30,0.442348078,0,0
1060_180616_0868.wav,1060,180616,20190624,female,07:14:00,0.592019734,0,0
1060_180616_0869.wav,1060,180616,20190624,female,07:14:30,0.380679356,0,0
1060_180616_0870.wav,1060,180616,20190624,female,07:15:00,0.345344845,0,0
1060_180616_0871.wav,1060,180616,20190624,female,07:15:30,0.229007634,0,0
1060_180616_0872.wav,1060,180616,20190624,female,07:16:00,0.2730091,0,0
1060_180616_0873.wav,1060,180616,20190624,female,07:16:30,0.59168639,0,0
1060_180616_0874.wav,1060,180616,20190624,female,07:17:00,0.543351445,0,0
1060_180616_0875.wav,1060,180616,20190624,female,07:17:30,0.700023334,0,0
1060_180616_0876.wav,1060,180616,20190624,female,07:18:00,0.363345445,0,0
1060_180616_0877.wav,1060,180616,20190624,female,07:18:30,0.3420114,0,0
1060_180616_0878.wav,1060,180616,20190624,female,07:19:00,0.355011834,0,0
1060_180616_0879.wav,1060,180616,20190624,female,07:19:30,0.559018634,0,0
1060_180616_0880.wav,1060,180616,20190624,female,07:20:00,0.271009034,0,0
1060_180616_0881.wav,1060,180616,20190624,female,07:20:30,0.667022234,0,0
1060_180616_0882.wav,1060,180616,20190624,female,07:21:00,0.529684323,0,0
1060_180616_0883.wav,1060,180616,20190624,female,07:21:30,0.267675589,0,0
1060_180616_0884.wav,1060,180616,20190624,female,07:22:00,0.377679256,0,0
1060_180616_0885.wav,1060,180616,20190624,female,07:22:30,0.180672689,0,0
1060_180616_0886.wav,1060,180616,20190624,female,07:23:00,0.005666856,0,0
1060_180616_0887.wav,1060,180616,20190624,female,07:23:30,0,0,0
1060_180616_0888.wav,1060,180616,20190624,female,07:24:00,0,0,0
1060_180616_0889.wav,1060,180616,20190624,female,07:24:30,0.046001533,0,0
1060_180616_0890.wav,1060,180616,20190624,female,07:25:00,0.133337778,0,0
1060_180616_0891.wav,1060,180616,20190624,female,07:25:30,0.071002367,0,0
1060_180616_0892.wav,1060,180616,20190624,female,07:26:00,0.087336245,0,0
1060_180616_0893.wav,1060,180616,20190624,female,07:26:30,0.012333744,0,0
1060_180616_0894.wav,1060,180616,20190624,female,07:27:00,0,0,0
1060_180616_0895.wav,1060,180616,20190624,female,07:27:30,0.116337211,0,0
1060_180616_0896.wav,1060,180616,20190624,female,07:28:00,0.1050035,0,0
1060_180616_0897.wav,1060,180616,20190624,female,07:28:30,0.113337111,0,0
1060_180616_0898.wav,1060,180616,20190624,female,07:29:00,0.279675989,0,0
1060_180616_0899.wav,1060,180616,20190624,female,07:29:30,0.103336778,0,0
1060_180616_0900.wav,1060,180616,20190624,female,07:30:00,0.175005834,0,0
1060_180616_0901.wav,1060,180616,20190624,female,07:30:30,0.198673289,0,0
1060_180616_0902.wav,1060,180616,20190624,female,07:31:00,0.357345245,0,0
1060_180616_0903.wav,1060,180616,20190624,female,07:31:30,0.038001267,0,0
1060_180616_0904.wav,1060,180616,20190624,female,07:32:00,0.175339178,0,0
1060_180616_0905.wav,1060,180616,20190624,female,07:32:30,0.237341245,0,0
1060_180616_0906.wav,1060,180616,20190624,female,07:33:00,0.382679423,0,0
1060_180616_0907.wav,1060,180616,20190624,female,07:33:30,0.314010467,0,0
1060_180616_0908.wav,1060,180616,20190624,female,07:34:00,0.133004433,0,0
1060_180616_0909.wav,1060,180616,20190624,female,07:34:30,0.178005934,0,0
1060_180616_0910.wav,1060,180616,20190624,female,07:35:00,0.225340845,0,0
1060_180616_0911.wav,1060,180616,20190624,female,07:35:30,0.293009767,0,0
1060_180616_0912.wav,1060,180616,20190624,female,07:36:00,0.490349678,0,0
1060_180616_0913.wav,1060,180616,20190624,female,07:36:30,0.396679889,0,0
1060_180616_0914.wav,1060,180616,20190624,female,07:37:00,0.037334578,0,0
1060_180616_0915.wav,1060,180616,20190624,female,07:37:30,0.179339311,0,0
1060_180616_0916.wav,1060,180616,20190624,female,07:38:00,0.098669956,0,0
1060_180616_0917.wav,1060,180616,20190624,female,07:38:30,0.132337745,0,0
1060_180616_0918.wav,1060,180616,20190624,female,07:39:00,0.084669489,0,0
1060_180616_0919.wav,1060,180616,20190624,female,07:39:30,0.003666789,0,0
1060_180616_0920.wav,1060,180616,20190624,female,07:40:00,0.029667656,0,0
1060_180616_0921.wav,1060,180616,20190624,female,07:40:30,0.253008434,0,0
1060_180616_0922.wav,1060,180616,20190624,female,07:41:00,0.170339011,0,0
1060_180616_0923.wav,1060,180616,20190624,female,07:41:30,0.270342345,0,0
1060_180616_0924.wav,1060,180616,20190624,female,07:42:00,0.257008567,0,0
1060_180616_0925.wav,1060,180616,20190624,female,07:42:30,0.206340211,0,0
1060_180616_0926.wav,1060,180616,20190624,female,07:43:00,0.163338778,0,0
1060_180616_0927.wav,1060,180616,20190624,female,07:43:30,0.044668156,0,0
1060_180616_0928.wav,1060,180616,20190624,female,07:44:00,0.071669056,0,0
1060_180616_0929.wav,1060,180616,20190624,female,07:44:30,0.038667956,0,0
1060_180616_0930.wav,1060,180616,20190624,female,07:45:00,0.302676756,0,0
1060_180616_0931.wav,1060,180616,20190624,female,07:45:30,0.115670522,0,0
1060_180616_0932.wav,1060,180616,20190624,female,07:46:00,0.066668889,0,0
1060_180616_0933.wav,1060,180616,20190624,female,07:46:30,0.224340811,0,0
1060_180616_0934.wav,1060,180616,20190624,female,07:47:00,0.378679289,0,0
1060_180616_0935.wav,1060,180616,20190624,female,07:47:30,0.209673656,0,0
1060_180616_0936.wav,1060,180616,20190624,female,07:48:00,0.068002267,0,0
1060_180616_0937.wav,1060,180616,20190624,female,07:48:30,0.190006334,0,0
1060_180616_0938.wav,1060,180616,20190624,female,07:49:00,0.240674689,0,0
1060_180616_0939.wav,1060,180616,20190624,female,07:49:30,0.258341945,0,0
1060_180616_0940.wav,1060,180616,20190624,female,07:50:00,0.387346245,0,0
1060_180616_0941.wav,1060,180616,20190624,female,07:50:30,0.050668356,0,0
1060_180616_0942.wav,1060,180616,20190624,female,07:51:00,0.172005734,0,0
1060_180616_0943.wav,1060,180616,20190624,female,07:51:30,0.158005267,0,0
1060_180616_0944.wav,1060,180616,20190624,female,07:52:00,0.099669989,0,0
1060_180616_0945.wav,1060,180616,20190624,female,07:52:30,0.263675456,0,0
1060_180616_0946.wav,1060,180616,20190624,female,07:53:00,0.287009567,0,0
1060_180616_0947.wav,1060,180616,20190624,female,07:53:30,0.161005367,0,0
1060_180616_0948.wav,1060,180616,20190624,female,07:54:00,0.371345712,0,0
1060_180616_0949.wav,1060,180616,20190624,female,07:54:30,0.671022367,0,0
1060_180616_0950.wav,1060,180616,20190624,female,07:55:00,0.800026668,0,0
1060_180616_0951.wav,1060,180616,20190624,female,07:55:30,0.549684989,0,0
1060_180616_0952.wav,1060,180616,20190624,female,07:56:00,0.351345045,0,0
1060_180616_0953.wav,1060,180616,20190624,female,07:56:30,0.148004933,0,0
1060_180616_0954.wav,1060,180616,20190624,female,07:57:00,0.084669489,0,0
1060_180616_0955.wav,1060,180616,20190624,female,07:57:30,0.3780126,0,0
1060_180616_0956.wav,1060,180616,20190624,female,07:58:00,0.109336978,0,0
1060_180616_0957.wav,1060,180616,20190624,female,07:58:30,0.024667489,0,0
1060_180616_0958.wav,1060,180616,20190624,female,07:59:00,0.064002133,0,0
1060_180616_0959.wav,1060,180616,20190624,female,07:59:30,0.113003767,0,0
1060_180616_0960.wav,1060,180616,20190624,female,08:00:00,0.058335278,0,0
1060_180616_0961.wav,1060,180616,20190624,female,08:00:30,0.056335211,0,0
1060_180616_0962.wav,1060,180616,20190624,female,08:01:00,0.226340878,0,0
1060_180616_0963.wav,1060,180616,20190624,female,08:01:30,0.145004833,0,0
1060_180616_0964.wav,1060,180616,20190624,female,08:02:00,0.016000533,0,0
1060_180616_0965.wav,1060,180616,20190624,female,08:02:30,0.136004533,0,0
1060_180616_0966.wav,1060,180616,20190624,female,08:03:00,0.180339345,0,0
1060_180616_0967.wav,1060,180616,20190624,female,08:03:30,0.287009567,0,0
1060_180616_0968.wav,1060,180616,20190624,female,08:04:00,0.286676223,0,0
1060_180616_0969.wav,1060,180616,20190624,female,08:04:30,0.599686656,0,0
1060_180616_0970.wav,1060,180616,20190624,female,08:05:00,0.601686723,0,0
1060_180616_0971.wav,1060,180616,20190624,female,08:05:30,0.582019401,0,0
1060_180616_0972.wav,1060,180616,20190624,female,08:06:00,0.708356945,0,0
1060_180616_0973.wav,1060,180616,20190624,female,08:06:30,0.796693223,0,0
1060_180616_0974.wav,1060,180616,20190624,female,08:07:00,0.872029068,0,0
1060_180616_0975.wav,1060,180616,20190624,female,08:07:30,0.856028534,0,0
1060_180616_0976.wav,1060,180616,20190624,female,08:08:00,0.863362112,0,0
1060_180616_0977.wav,1060,180616,20190624,female,08:08:30,0.468348945,0,0
1060_180616_0978.wav,1060,180616,20190624,female,08:09:00,0.451015034,0,0
1060_180616_0979.wav,1060,180616,20190624,female,08:09:30,0.748691623,0,0
1060_180616_0980.wav,1060,180616,20190624,female,08:10:00,0.664688823,0,0
1060_180616_0981.wav,1060,180616,20190624,female,08:10:30,0.344344811,0,0
1060_180616_0982.wav,1060,180616,20190624,female,08:11:00,0.331344378,0,0
1060_180616_0983.wav,1060,180616,20190624,female,08:11:30,0.282342745,0,0
1060_180616_0984.wav,1060,180616,20190624,female,08:12:00,0.170005667,0,0
1060_180616_0985.wav,1060,180616,20190624,female,08:12:30,0.529017634,0,0
1060_180616_0986.wav,1060,180616,20190624,female,08:13:00,0.3960132,0,0
1060_180616_0987.wav,1060,180616,20190624,female,08:13:30,0.1350045,0,0
1060_180616_0988.wav,1060,180616,20190624,female,08:14:00,0.177339245,0,0
1060_180616_0989.wav,1060,180616,20190624,female,08:14:30,0.420014,0,0
1060_180616_0990.wav,1060,180616,20190624,female,08:15:00,0.396346545,0,0
1060_180616_0991.wav,1060,180616,20190624,female,08:15:30,0.166005534,0,0
1060_180616_0992.wav,1060,180616,20190624,female,08:16:00,0.169672322,0,0
1060_180616_0993.wav,1060,180616,20190624,female,08:16:30,0.112670422,0,0
1060_180616_0994.wav,1060,180616,20190624,female,08:17:00,0.072669089,0,0
1060_180616_0995.wav,1060,180616,20190624,female,08:17:30,0.249341645,0,0
1060_180616_0996.wav,1060,180616,20190624,female,08:18:00,0.4230141,0,0
1060_180616_0997.wav,1060,180616,20190624,female,08:18:30,0.202673422,0,0
1060_180616_0998.wav,1060,180616,20190624,female,08:19:00,0.177339245,0,0
1060_180616_0999.wav,1060,180616,20190624,female,08:19:30,0.260342011,0,0
1060_180616_1000.wav,1060,180616,20190624,female,08:20:00,0.1020034,0,0
1060_180616_1001.wav,1060,180616,20190624,female,08:20:30,0.404680156,0,0
1060_180616_1002.wav,1060,180616,20190624,female,08:21:00,0.226007534,0,0
1060_180616_1003.wav,1060,180616,20190624,female,08:21:30,0.312343745,0,0
1060_180616_1004.wav,1060,180616,20190624,female,08:22:00,0.199339978,0,0
1060_180616_1005.wav,1060,180616,20190624,female,08:22:30,0.085002833,0,0
1060_180616_1006.wav,1060,180616,20190624,female,08:23:00,0.097003233,0,0
1060_180616_1007.wav,1060,180616,20190624,female,08:23:30,0.159338645,0,0
1060_180616_1008.wav,1060,180616,20190624,female,08:24:00,0.094669822,0,0
1060_180616_1009.wav,1060,180616,20190624,female,08:24:30,0.129670989,0,0
1060_180616_1010.wav,1060,180616,20190624,female,08:25:00,0.322010734,0,0
1060_180616_1011.wav,1060,180616,20190624,female,08:25:30,0.468348945,0,0
1060_180616_1012.wav,1060,180616,20190624,female,08:26:00,0.236674556,0,0
1060_180616_1013.wav,1060,180616,20190624,female,08:26:30,0.358345278,0,0
1060_180616_1014.wav,1060,180616,20190624,female,08:27:00,0.064335478,0,0
1060_180616_1015.wav,1060,180616,20190624,female,08:27:30,0.317010567,0,0
1060_180616_1016.wav,1060,180616,20190624,female,08:28:00,0.567018901,0,0
1060_180616_1017.wav,1060,180616,20190624,female,08:28:30,0.189672989,0,0
1060_180616_1018.wav,1060,180616,20190624,female,08:29:00,0.119337311,0,0
1060_180616_1019.wav,1060,180616,20190624,female,08:29:30,0.367678923,0,0
1060_180616_1020.wav,1060,180616,20190624,female,08:30:00,0.317343911,0,0
1060_180616_1021.wav,1060,180616,20190624,female,08:30:30,0.208006934,0,0
1060_180616_1022.wav,1060,180616,20190624,female,08:31:00,0.368012267,0,0
1060_180616_1023.wav,1060,180616,20190624,female,08:31:30,0.443681456,0,0
1060_180616_1024.wav,1060,180616,20190624,female,08:32:00,0.432681089,0,0
1060_180616_1025.wav,1060,180616,20190624,female,08:32:30,0.453348445,0,0
1060_180616_1026.wav,1060,180616,20190624,female,08:33:00,0.141338045,0,0
1060_180616_1027.wav,1060,180616,20190624,female,08:33:30,0.458348612,0,0
1060_180616_1028.wav,1060,180616,20190624,female,08:34:00,0.213340445,0,0
1060_180616_1029.wav,1060,180616,20190624,female,08:34:30,0.336677889,0,0
1060_180616_1030.wav,1060,180616,20190624,female,08:35:00,0.634354478,0,0
1060_180616_1031.wav,1060,180616,20190624,female,08:35:30,0.419013967,0,0
1060_180616_1032.wav,1060,180616,20190624,female,08:36:00,0.1560052,0,0
1060_180616_1033.wav,1060,180616,20190624,female,08:36:30,0.228340945,0,0
1060_180616_1034.wav,1060,180616,20190624,female,08:37:00,0.481349378,0,0
1060_180616_1035.wav,1060,180616,20190624,female,08:37:30,0.424014134,0,0
1060_180616_1036.wav,1060,180616,20190624,female,08:38:00,0.322344078,0,0
1060_180616_1037.wav,1060,180616,20190624,female,08:38:30,0.1980066,0,0
1060_180616_1038.wav,1060,180616,20190624,female,08:39:00,0.140671356,0,0
1060_180616_1039.wav,1060,180616,20190624,female,08:39:30,0.101670056,0,0
1060_180616_1040.wav,1060,180616,20190624,female,08:40:00,0.0840028,0,0
1060_180616_1041.wav,1060,180616,20190624,female,08:40:30,0.093669789,0,0
1060_180616_1042.wav,1060,180616,20190624,female,08:41:00,0.043001433,0,0
1060_180616_1043.wav,1060,180616,20190624,female,08:41:30,0.007333578,0,0
1060_180616_1044.wav,1060,180616,20190624,female,08:42:00,0.071002367,0,0
1060_180616_1045.wav,1060,180616,20190624,female,08:42:30,0.303676789,0,0
1060_180616_1046.wav,1060,180616,20190624,female,08:43:00,0.167005567,0,0
1060_180616_1047.wav,1060,180616,20190624,female,08:43:30,0.151005034,0,0
1060_180616_1048.wav,1060,180616,20190624,female,08:44:00,0.093336445,1,0
1060_180616_1049.wav,1060,180616,20190624,female,08:44:30,0.154338478,1,0
1060_180616_1050.wav,1060,180616,20190624,female,08:45:00,0.2340078,1,0
1060_180616_1051.wav,1060,180616,20190624,female,08:45:30,0.465348845,1,0
1060_180616_1052.wav,1060,180616,20190624,female,08:46:00,0.302676756,1,0
1060_180616_1053.wav,1060,180616,20190624,female,08:46:30,0.211007034,1,0
1060_180616_1054.wav,1060,180616,20190624,female,08:47:00,0.360345345,1,0
1060_180616_1055.wav,1060,180616,20190624,female,08:47:30,0,1,0